0;
1;
2;
3;
4;
5;
6;
7;
8;
9;
10;
11;
12;
13;
14;
15;
16;
17;
18;
19;
20;
21;
22;
23;
24;
25;
26;
27;
28;
29;
30;
31;
32;
33;
34;
35;
36;
37;
38;
39;
40;
41;
42;
43;
44;
45;
46;
47;
48;
49;
50;
51;
52;
53;
54;
55;
56;
57;
58;
59;
60;
61;
62;
63;
64;
65;
66;
67;
68;
69;
70;
71;
72;
73;
74;
75;
76;
77;
78;
79;
80;
81;
82;
83;
84;
85;
86;
87;
88;
89;
90;
91;
92;
93;
94;
95;
96;
97;
98;
99;
100;
101;
102;
103;
104;
105;
106;
107;
108;
109;
110;
111;
112;
113;
114;
115;
116;
117;
118;
119;
120;
121;
122;
123;
124;
125;
126;
127;
128;
129;
130;
131;
132;
133;
134;
135;
136;
137;
138;
139;
140;
141;
142;
143;
144;
145;
146;
147;
148;
149;
150;
151;
152;
153;
154;
155;
156;
157;
158;
159;
160;
161;
162;
163;
164;
165;
166;
167;
168;
169;
170;
171;
172;
173;
174;
175;
176;
177;
178;
179;
180;
181;
182;
183;
184;
185;
186;
187;
188;
189;
190;
191;
192;
193;
194;
195;
196;
197;
198;
199;
200;
201;
202;
203;
204;
205;
206;
207;
208;
209;
210;21
211;21
212;21
213;21
214;21
215;21
216;21
217;21
218;21
219;21
220;21
221;21
222;21
223;21
224;21
225;21
226;21
227;21
228;21
229;21
230;21
231;21
232;21
233;21
234;21
235;21
236;21
237;21
238;21
239;21
240;21
241;21
242;21
243;21
244;21
245;21
246;21
247;21
248;21
249;21
250;21
251;21
252;21
253;21
254;21
255;21
256;21
257;21
258;21
259;21
260;21
261;21
262;21
263;21
264;21
265;21
266;21
267;21
268;21
269;21
270;21
271;21
272;21
273;21
274;21
275;21
276;21
277;21
278;21
279;21
280;21
281;21
282;21
283;21
284;21
285;21
286;21
287;21
288;21
289;21
290;21
291;21
292;21
293;21
294;21
295;21
296;21
297;21
298;21
299;21
300;21
301;21
302;21
303;21
304;21
305;21
306;21
307;21
308;21
309;21
310;21
311;21
312;21
313;21
314;21
315;21
316;21
317;21
318;21
319;21
320;21
321;21
322;21
323;21
324;21
325;21
326;21
327;21
328;21
329;21
330;21
331;21
332;21
333;21
334;21
335;21
336;21
337;21
338;21
339;21
340;21
341;21
342;21
343;21
344;21
345;21
346;21
347;21
348;21
349;21
350;21
351;21
352;21
353;21
354;21
355;21
356;21
357;21
358;21
359;21
360;21
361;21
362;21
363;21
364;21
365;21
366;21
367;21
368;21
369;21
370;21
371;21
372;21
373;21
374;21
375;21
376;21
377;21
378;21
379;21
380;21
381;21
382;21
383;21
384;21
385;21
386;21
387;21
388;21
389;21
390;21
391;21
392;21
393;21
394;21
395;21
396;21
397;21
398;21
399;21
400;21
401;21
402;21
403;21
404;21
405;21
406;21
407;21
408;21
409;21
410;21
411;21
412;21
413;21
414;21
415;21
416;21
417;21
418;21
419;21
420;21
421;
422;
423;
424;
425;
426;
427;
428;
429;
430;
431;
432;
433;
434;
435;
436;
437;
438;
439;
440;
441;
442;
443;
444;
445;
446;
447;
448;
449;
450;
451;
452;
453;
454;
455;
456;
457;
458;
459;
460;
461;
462;
463;
464;
465;
466;
467;
468;
469;
470;
471;
472;
473;
474;
475;
476;
477;
478;
479;
480;
481;
482;
483;
484;
485;
486;
487;
488;
489;
490;
491;
492;
493;
494;
495;
496;
497;
498;
499;
500;
501;
502;
503;
504;
505;
506;
507;
508;
509;
510;
511;
512;
513;
514;
515;
516;
517;
518;
519;
520;
521;
522;
523;
524;
525;
526;
527;
528;
529;
530;
531;
532;
533;
534;
535;
536;
537;
538;
539;
540;
541;
542;
543;
544;
545;
546;
547;
548;
549;
550;
551;
552;
553;
554;
555;
556;
557;
558;
559;
560;
561;
562;
563;
564;
565;
566;
567;
568;
569;
570;
571;
572;
573;
574;
575;
576;
577;
578;
579;
580;
581;
582;
583;
584;
585;
586;
587;
588;
589;
590;
591;
592;
593;
594;
595;
596;
597;
598;
599;
600;
601;
602;
603;
604;
605;
606;
607;
608;
609;
610;
611;
612;
613;
614;
615;
616;
617;
618;
619;
620;
621;
622;
623;
624;
625;
626;
627;
628;
629;
630;
631;
632;
633;
634;
635;
636;
637;
638;
639;
640;
641;
642;
643;
644;
645;
646;
647;
648;
649;
650;
651;
652;
653;
654;
655;
656;
657;
658;
659;
660;
661;
662;
663;
664;
665;
666;
667;
668;
669;
670;
671;
672;
673;
674;
675;
676;
677;
678;
679;
680;
681;
682;
683;
684;
685;
686;
687;
688;
689;
690;
691;
692;
693;
694;
695;
696;
697;
698;
699;
700;
701;
702;
703;
704;
705;
706;
707;
708;
709;
710;
711;
712;
713;
714;
715;
716;
717;
718;
719;
720;
721;
722;
723;
724;
725;
726;
727;
728;
729;
730;
731;
732;
733;
734;
735;
736;
737;
738;
739;
740;
741;
742;
743;
744;
745;
746;
747;
748;
749;
750;
751;
752;
753;
754;
755;
756;
757;
758;
759;
760;
761;
762;
763;
764;
765;
766;
767;
768;
769;
770;
771;
772;
773;
774;
775;
776;
777;
778;
779;
780;
781;
782;
783;
784;
785;
786;
787;
788;
789;
790;
791;
792;
793;
794;
795;
796;
797;
798;
799;
800;
801;
802;
803;
804;
805;
806;
807;
808;
809;
810;
811;
812;
813;
814;
815;
816;
817;
818;
819;
820;
821;
822;
823;
824;
825;
826;
827;
828;
829;
830;
831;
832;
833;
834;
835;
836;
837;
838;
839;
840;
841;
842;
843;
844;
845;
846;
847;
848;
849;
850;
851;
852;
853;
854;
855;
856;
857;
858;
859;
860;
861;
862;
863;
864;
865;
866;
867;
868;
869;
870;
871;
872;
873;
874;
875;
876;
877;
878;
879;
880;
881;
882;
883;
884;
885;
886;
887;
888;
889;
890;
891;
892;
893;
894;
895;
896;
897;
898;
899;
900;
901;
902;
903;
904;
905;
906;
907;
908;
909;
910;
911;
912;
913;
914;
915;
916;
917;
918;
919;
920;
921;
922;
923;
924;
925;
926;
927;
928;
929;
930;
931;
932;
933;
934;
935;
936;
937;
938;
939;
940;
941;
942;
943;
944;
945;
946;
947;
948;
949;
950;
951;
952;
953;
954;
955;
956;
957;
958;
959;21
960;21
961;21
962;21
963;21
964;21
965;21
966;21
967;21
968;21
969;21
970;21
971;21
972;21
973;21
974;21
975;21
976;21
977;21
978;21
979;21
980;21
981;21
982;21
983;21
984;21
985;21
986;21
987;21
988;21
989;21
990;21
991;21
992;21
993;21
994;21
995;21
996;21
997;21
998;21
999;21
1000;21
1001;21
1002;21
1003;21
1004;21
1005;21
1006;21
1007;21
1008;21
1009;21
1010;21
1011;21
1012;21
1013;21
1014;21
1015;21
1016;21
1017;21
1018;21
1019;21
1020;21
1021;21
1022;21
1023;21
1024;21
1025;21
1026;21
1027;21
1028;21
1029;21
1030;21
1031;21
1032;21
1033;21
1034;21
1035;21
1036;21
1037;21
1038;21
1039;21
1040;21
1041;21
1042;21
1043;21
1044;21
1045;21
1046;21
1047;21
1048;21
1049;21
1050;21
1051;21
1052;21
1053;21
1054;21
1055;21
1056;21
1057;21
1058;21
1059;21
1060;21
1061;21
1062;21
1063;21
1064;21
1065;21
1066;21
1067;21
1068;21
1069;21
1070;21
1071;21
1072;21
1073;21
1074;21
1075;21
1076;21
1077;21
1078;21
1079;21
1080;21
1081;21
1082;21
1083;21
1084;21
1085;21
1086;21
1087;21
1088;21
1089;21
1090;21
1091;21
1092;21
1093;21
1094;21
1095;21
1096;21
1097;21
1098;21
1099;21
1100;21
1101;21
1102;21
1103;21
1104;21
1105;21
1106;21
1107;21
1108;21
1109;21
1110;21
1111;21
1112;21
1113;21
1114;21
1115;21
1116;21
1117;21
1118;21
1119;21
1120;21
1121;21
1122;21
1123;21
1124;21
1125;21
1126;21
1127;21
1128;21
1129;21
1130;21
1131;21
1132;21
1133;21
1134;21
1135;21
1136;21
1137;21
1138;21
1139;21
1140;21
1141;21
1142;21
1143;21
1144;21
1145;21
1146;21
1147;21
1148;21
1149;21
1150;21
1151;21
1152;21
1153;21
1154;21
1155;21
1156;21
1157;21
1158;21
1159;21
1160;21
1161;21
1162;21
1163;21
1164;21
1165;21
1166;21
1167;21
1168;21
1169;21
1170;21
1171;21
1172;21
1173;21
1174;21
1175;21
1176;21
1177;21
1178;21
1179;21
1180;21
1181;21
1182;21
1183;21
1184;21
1185;21
1186;21
1187;21
1188;21
1189;21
1190;21
1191;21
1192;21
1193;21
1194;21
1195;21
1196;21
1197;21
1198;21
1199;21
1200;21
1201;21
1202;21
1203;21
1204;21
1205;21
1206;21
1207;21
1208;21
1209;21
1210;21
1211;21
1212;21
1213;21
1214;21
1215;21
1216;21
1217;21
1218;21
1219;21
1220;21
1221;21
1222;21
1223;21
1224;21
1225;21
1226;21
1227;21
1228;21
1229;21
1230;21
1231;21
1232;21
1233;21
1234;21
1235;21
1236;21
1237;21
1238;21
1239;21
1240;21
1241;21
1242;21
1243;21
1244;21
1245;21
1246;21
1247;21
1248;21
1249;21
1250;21
1251;21
1252;21
1253;21
1254;21
1255;21
1256;21
1257;21
1258;21
1259;21
1260;21
1261;21
1262;21
1263;21
1264;21
1265;21
1266;21
1267;21
1268;21
1269;21
1270;21
1271;21
1272;21
1273;21
1274;21
1275;21
1276;21
1277;21
1278;21
1279;21
1280;21
1281;21
1282;21
1283;21
1284;21
1285;21
1286;21
1287;21
1288;21
1289;21
1290;21
1291;21
1292;21
1293;21
1294;21
1295;21
1296;21
1297;21
1298;21
1299;21
1300;21
1301;21
1302;21
1303;21
1304;21
1305;21
1306;21
1307;21
1308;21
1309;21
1310;21
1311;21
1312;21
1313;21
1314;21
1315;21
1316;21
1317;21
1318;21
1319;21
1320;21
1321;21
1322;21
1323;21
1324;21
1325;21
1326;21
1327;21
1328;21
1329;21
1330;21
1331;21
1332;21
1333;21
1334;21
1335;21
1336;21
1337;21
1338;21
1339;21
1340;21
1341;21
1342;21
1343;21
1344;21
1345;21
1346;21
1347;21
1348;21
1349;21
1350;21
1351;21
1352;21
1353;21
1354;21
1355;21
1356;21
1357;21
1358;21
1359;21
1360;21
1361;21
1362;21
1363;21
1364;21
1365;21
1366;21
1367;21
1368;21
1369;21
1370;21
1371;21
1372;21
1373;21
1374;21
1375;21
1376;21
1377;21
1378;21
1379;21
1380;21
1381;21
1382;21
1383;21
1384;21
1385;21
1386;21
1387;21
1388;21
1389;21
1390;21
1391;21
1392;21
1393;21
1394;21
1395;21
1396;21
1397;21
1398;21
1399;21
1400;21
1401;21
1402;21
1403;21
1404;21
1405;21
1406;21
1407;21
1408;21
1409;21
1410;21
1411;
1412;
1413;
1414;
1415;
1416;
1417;
1418;
1419;
1420;
1421;
1422;
1423;
1424;
1425;
1426;
1427;
1428;
1429;
1430;
1431;
1432;
1433;
1434;
1435;
1436;
1437;
1438;
1439;
1440;
